"Horodateur","Score total","Votre prénom","Votre prénom [Score]","Votre prénom [Commentaires]","1. Quels sont les avantages de la programmation orientée objet ?  (plusieurs choix)","1. Quels sont les avantages de la programmation orientée objet ?  (plusieurs choix) [Score]","1. Quels sont les avantages de la programmation orientée objet ?  (plusieurs choix) [Commentaires]","2. Qu'est-ce-qu'une classe par rapport à un objet ?","2. Qu'est-ce-qu'une classe par rapport à un objet ? [Score]","2. Qu'est-ce-qu'une classe par rapport à un objet ? [Commentaires]","3. Quelle est la bonne convention pour nommer une classe ?","3. Quelle est la bonne convention pour nommer une classe ? [Score]","3. Quelle est la bonne convention pour nommer une classe ? [Commentaires]","4. Dans quel type de méthode ne doit-on pas utiliser $this ?","4. Dans quel type de méthode ne doit-on pas utiliser $this ? [Score]","4. Dans quel type de méthode ne doit-on pas utiliser $this ? [Commentaires]","5. Quelle méthode magique de PHP est appelée à chaque instanciation d'une classe","5. Quelle méthode magique de PHP est appelée à chaque instanciation d'une classe [Score]","5. Quelle méthode magique de PHP est appelée à chaque instanciation d'une classe [Commentaires]","6. La visibilité private signifie : (plusieurs choix)","6. La visibilité private signifie : (plusieurs choix) [Score]","6. La visibilité private signifie : (plusieurs choix) [Commentaires]","7. Quelle syntaxe utiliser pour que la classe A bénéficie du code de B ?","7. Quelle syntaxe utiliser pour que la classe A bénéficie du code de B ? [Score]","7. Quelle syntaxe utiliser pour que la classe A bénéficie du code de B ? [Commentaires]","8. Quelle est la bonne syntaxe pour instancier une classe venant d'un namespace ?","8. Quelle est la bonne syntaxe pour instancier une classe venant d'un namespace ? [Score]","8. Quelle est la bonne syntaxe pour instancier une classe venant d'un namespace ? [Commentaires]","9. Qu'est-ce qu'une classe abstraite","9. Qu'est-ce qu'une classe abstraite [Score]","9. Qu'est-ce qu'une classe abstraite [Commentaires]","10. Quel est le mot-clé qui permet de faire référence à la classe, notamment depuis une méthode statique ?","10. Quel est le mot-clé qui permet de faire référence à la classe, notamment depuis une méthode statique ? [Score]","10. Quel est le mot-clé qui permet de faire référence à la classe, notamment depuis une méthode statique ? [Commentaires]"
"2022/07/29 10:52:15 PM UTC+9","20.00 / 20","Corrigé","-- / 0","","Code modulaire facilement réutilisable;Conception plus claire et plus organisée;Améliore la qualité et la structuration du code","2.00 / 2","","Un objet est une instance d'une classe","2.00 / 2","","class MyClass {}","2.00 / 2","","Dans les méthodes statiques","2.00 / 2","","__construct()","2.00 / 2","","La propriété ou la méthode est accessible à l'intérieur de la classe/l'objet uniquement;La propriété ou la méthode ne sera pas héritée","2.00 / 2","","class A extends B","2.00 / 2","","new Namespace\Class;","2.00 / 2","","Une classe dont on peut hériter en redéclarant les méthodes abstraites, sans pouvoir l'instancier directement","2.00 / 2","","self","2.00 / 2",""
"2022/07/29 10:55:48 PM UTC+9","18.00 / 20","Swan","-- / 0","","Code modulaire facilement réutilisable;Conception plus claire et plus organisée;Améliore la qualité et la structuration du code","2.00 / 2","","Un objet est une instance d'une classe","2.00 / 2","","class MyClass {}","2.00 / 2","","Dans les méthodes statiques","2.00 / 2","","__construct()","2.00 / 2","","La propriété ou la méthode est accessible à l'intérieur de la classe/l'objet uniquement;La propriété n'est pas appelable depuis l'objet mais sur la classe uniquement","0.00 / 2","","class A extends B","2.00 / 2","","new Namespace\Class;","2.00 / 2","","Une classe dont on peut hériter en redéclarant les méthodes abstraites, sans pouvoir l'instancier directement","2.00 / 2","","self","2.00 / 2",""
"2022/07/29 10:57:39 PM UTC+9","4.00 / 20","zied ghanney","-- / 0","","Code modulaire facilement réutilisable;Améliore la qualité et la structuration du code","0.00 / 2","","Une classe est une instance d'un objet","0.00 / 2","","class MyClass {}","2.00 / 2","","Dans les méthodes ayant une visbilité private","0.00 / 2","","__construct()","2.00 / 2","","La propriété n'est pas appelable depuis l'objet mais sur la classe uniquement;La propriété ou la méthode ne sera pas héritée","0.00 / 2","","class A import B","0.00 / 2","","new 'Namespace\Class';","0.00 / 2","","Une classe dont on peut hériter et instancier","0.00 / 2","","$this","0.00 / 2",""
"2022/07/29 10:59:39 PM UTC+9","18.00 / 20","Kamel","-- / 0","","Code modulaire facilement réutilisable;Conception plus claire et plus organisée;Améliore la qualité et la structuration du code","2.00 / 2","","Un objet est une instance d'une classe","2.00 / 2","","class MyClass {}","2.00 / 2","","Dans les méthodes statiques","2.00 / 2","","__construct()","2.00 / 2","","La propriété ou la méthode est accessible à l'intérieur de la classe/l'objet uniquement;La propriété n'est pas appelable depuis l'objet mais sur la classe uniquement","0.00 / 2","","class A extends B","2.00 / 2","","new Namespace\Class;","2.00 / 2","","Une classe dont on peut hériter en redéclarant les méthodes abstraites, sans pouvoir l'instancier directement","2.00 / 2","","self","2.00 / 2",""
"2022/07/29 11:07:46 PM UTC+9","16.00 / 20","Alexis","-- / 0","","Code modulaire facilement réutilisable;Conception plus claire et plus organisée;Améliore la qualité et la structuration du code","2.00 / 2","","Un objet est une instance d'une classe","2.00 / 2","","class MyClass {}","2.00 / 2","","Dans les méthodes statiques","2.00 / 2","","__construct()","2.00 / 2","","La propriété n'est pas appelable depuis l'objet mais sur la classe uniquement;La propriété ou la méthode ne sera pas héritée","0.00 / 2","","class A extends B","2.00 / 2","","new Namespace\Class;","2.00 / 2","","Une classe dont on peut hériter en redéclarant les méthodes abstraites, sans pouvoir l'instancier directement","2.00 / 2","","$self","0.00 / 2",""
"2022/07/29 11:08:13 PM UTC+9","16.00 / 20","Christophe","-- / 0","","Code modulaire facilement réutilisable;Améliore la qualité et la structuration du code","0.00 / 2","","Un objet est une instance d'une classe","2.00 / 2","","class MyClass {}","2.00 / 2","","Dans les méthodes statiques","2.00 / 2","","__construct()","2.00 / 2","","La propriété ou la méthode est accessible à l'intérieur de la classe/l'objet uniquement;La propriété n'est pas appelable depuis l'objet mais sur la classe uniquement","0.00 / 2","","class A extends B","2.00 / 2","","new Namespace\Class;","2.00 / 2","","Une classe dont on peut hériter en redéclarant les méthodes abstraites, sans pouvoir l'instancier directement","2.00 / 2","","self","2.00 / 2",""
"2022/07/29 11:11:16 PM UTC+9","2.00 / 20","Nirina","-- / 0","","Code modulaire facilement réutilisable;Améliore la qualité et la structuration du code","0.00 / 2","","Il n'y a aucun lien entre classe et objet","0.00 / 2","","class myClass {}","0.00 / 2","","Dans les méthodes ayant une visbilité private;Dans les méthodes ayant une visibilité protected","0.00 / 2","","__instance();__construct()","0.00 / 2","","La propriété ou la méthode est accessible à l'intérieur de la classe/l'objet uniquement;La propriété ou la méthode ne sera pas héritée","2.00 / 2","","class A::B","0.00 / 2","","new Namespace/Class;","0.00 / 2","","Une classe dont on peut hériter et instancier","0.00 / 2","","$this","0.00 / 2",""
"2022/07/29 11:15:36 PM UTC+9","14.00 / 20","NORDINE","-- / 0","","Code modulaire facilement réutilisable;Conception plus claire et plus organisée","0.00 / 2","","Un objet est une instance d'une classe","2.00 / 2","","class myClass {}","0.00 / 2","","Dans les méthodes statiques","2.00 / 2","","__construct()","2.00 / 2","","La propriété n'est pas appelable depuis l'objet mais sur la classe uniquement;La propriété ou la méthode ne sera pas héritée","0.00 / 2","","class A extends B","2.00 / 2","","new Namespace\Class;","2.00 / 2","","Une classe dont on peut hériter en redéclarant les méthodes abstraites, sans pouvoir l'instancier directement","2.00 / 2","","self","2.00 / 2",""
"2022/07/29 11:20:21 PM UTC+9","20.00 / 20","Nessrine","-- / 0","","Code modulaire facilement réutilisable;Conception plus claire et plus organisée;Améliore la qualité et la structuration du code","2.00 / 2","","Un objet est une instance d'une classe","2.00 / 2","","class MyClass {}","2.00 / 2","","Dans les méthodes statiques","2.00 / 2","","__construct()","2.00 / 2","","La propriété ou la méthode est accessible à l'intérieur de la classe/l'objet uniquement;La propriété ou la méthode ne sera pas héritée","2.00 / 2","","class A extends B","2.00 / 2","","new Namespace\Class;","2.00 / 2","","Une classe dont on peut hériter en redéclarant les méthodes abstraites, sans pouvoir l'instancier directement","2.00 / 2","","self","2.00 / 2",""
"2022/07/29 11:21:29 PM UTC+9","12.00 / 20","hadjoudj badreddine","-- / 0","","Code modulaire facilement réutilisable;Conception plus claire et plus organisée;Améliore la qualité et la structuration du code","2.00 / 2","","Un objet est une instance d'une classe","2.00 / 2","","class MyClass {}","2.00 / 2","","Dans les méthodes ayant une visbilité private;Dans les méthodes ayant une visibilité protected;Dans les méthodes statiques","0.00 / 2","","__construct()","2.00 / 2","","La propriété ou la méthode est accessible à l'intérieur de la classe/l'objet uniquement","0.00 / 2","","class B extends A","0.00 / 2","","new Namespace\Class;","2.00 / 2","","Une classe dont on peut hériter et instancier","0.00 / 2","","self","2.00 / 2",""
"2022/07/29 11:22:00 PM UTC+9","20.00 / 20","Hilaire","-- / 0","","Code modulaire facilement réutilisable;Conception plus claire et plus organisée;Améliore la qualité et la structuration du code","2.00 / 2","","Un objet est une instance d'une classe","2.00 / 2","","class MyClass {}","2.00 / 2","","Dans les méthodes statiques","2.00 / 2","","__construct()","2.00 / 2","","La propriété ou la méthode est accessible à l'intérieur de la classe/l'objet uniquement;La propriété ou la méthode ne sera pas héritée","2.00 / 2","","class A extends B","2.00 / 2","","new Namespace\Class;","2.00 / 2","","Une classe dont on peut hériter en redéclarant les méthodes abstraites, sans pouvoir l'instancier directement","2.00 / 2","","self","2.00 / 2",""
"2022/07/29 11:24:40 PM UTC+9","10.00 / 20","Dylan","-- / 0","","Code modulaire facilement réutilisable;Conception plus claire et plus organisée","0.00 / 2","","Un objet est une instance d'une classe","2.00 / 2","","class my_class {}","0.00 / 2","","Dans les méthodes ayant une visibilité protected","0.00 / 2","","__construct()","2.00 / 2","","La propriété ou la méthode est accessible à l'intérieur de la classe/l'objet uniquement;La propriété n'est pas appelable depuis l'objet mais sur la classe uniquement","0.00 / 2","","class B extends A","0.00 / 2","","new Namespace\Class;","2.00 / 2","","Une classe dont on peut hériter en redéclarant les méthodes abstraites, sans pouvoir l'instancier directement","2.00 / 2","","self","2.00 / 2",""
"2022/07/29 11:36:29 PM UTC+9","12.00 / 20","Matthieu Monray","-- / 0","","Code modulaire facilement réutilisable","0.00 / 2","","Un objet est une instance d'une classe","2.00 / 2","","class MyClass {}","2.00 / 2","","Dans les méthodes statiques","2.00 / 2","","__construct()","2.00 / 2","","La propriété n'est pas appelable depuis l'objet mais sur la classe uniquement","0.00 / 2","","class B extends A","0.00 / 2","","new Namespace\Class;","2.00 / 2","","Une classe dont on peut hériter en redéclarant les méthodes abstraites, sans pouvoir l'instancier directement","2.00 / 2","","$this","0.00 / 2",""
"2022/07/29 11:48:56 PM UTC+9","16.00 / 20","Hakim","-- / 0","","Code modulaire facilement réutilisable;Conception plus claire et plus organisée;Améliore la qualité et la structuration du code","2.00 / 2","","Un objet est une instance d'une classe","2.00 / 2","","class MyClass {}","2.00 / 2","","Dans les méthodes statiques","2.00 / 2","","__construct()","2.00 / 2","","La propriété ou la méthode est accessible à l'intérieur de la classe/l'objet uniquement;La propriété n'est pas appelable depuis l'objet mais sur la classe uniquement","0.00 / 2","","class A extends B","2.00 / 2","","new Namespace\Class;","2.00 / 2","","Une classe dont on peut hériter en redéclarant les méthodes abstraites, sans pouvoir l'instancier directement;Une classe dont on peut hériter et instancier","0.00 / 2","","self","2.00 / 2",""